Gene,T-stat,p-value,p-adj,-log10(p),-log10(p-adj),log2FC,Gene_clean,query,symbol
ENSG00000237472.1,-3.384051396145716,0.0025553490132360092,,2.5925497749144326,,-2.165020473572996,ENSG00000237472,ENSG00000237472,ATP5PFP2
ENSG00000255003.1,-2.9374230316788847,0.007398202126703863,,2.13087380747413,,-1.1083819167363096,ENSG00000255003,ENSG00000255003,CYCSP28
ENSG00000100060.17,-2.914729944348241,0.007799928078662141,,2.1079094018203106,,-1.1937413169804805,ENSG00000100060,ENSG00000100060,MFNG
ENSG00000227682.2,-2.863144388406194,0.008791953639068793,,2.0559146106607358,,-1.5800287723186002,ENSG00000227682,ENSG00000227682,ATP5F1AP2
ENSG00000254433.1,-2.809679040714397,0.009946251700854843,,2.0023405546645012,,-1.8747045570895917,ENSG00000254433,ENSG00000254433,AASDHPPT-AS1
ENSG00000126768.12,-2.7073044374463664,0.012568792747588296,,1.9007064349822944,,-1.5219201545103935,ENSG00000126768,ENSG00000126768,TIMM17B
ENSG00000170516.16,-2.6163651600535482,0.015433329786457261,,1.8115403635109242,,-1.5954277921738935,ENSG00000170516,ENSG00000170516,COX7B2
ENSG00000173915.13,-2.571810424855206,0.01705057469523717,,1.7682609783862033,,-1.3056689032625737,ENSG00000173915,ENSG00000173915,ATP5MK
ENSG00000198695.2,-2.564958075502248,0.017312933909806913,,1.7616293288392282,,-0.1624911098750687,ENSG00000198695,ENSG00000198695,MT-ND6
ENSG00000113845.9,-2.4962464608320976,0.02016029439589479,,1.6955031302831054,,-0.7892884142092268,ENSG00000113845,ENSG00000113845,TIMMDC1
ENSG00000210196.2,-2.4433958969391445,0.02264040607222795,,1.6451157880250067,,-0.4543271222806857,ENSG00000210196,ENSG00000210196,MT-TP
ENSG00000210117.1,-2.421578088021407,0.023744381611223775,,1.624439136519121,,-0.8010151871369344,ENSG00000210117,ENSG00000210117,MT-TW
ENSG00000137806.8,-2.349868885348487,0.027732630688299235,,1.5570089317484135,,-0.8439399415037573,ENSG00000137806,ENSG00000137806,NDUFAF1
ENSG00000232851.3,-2.338876737262622,0.02839579749909713,,1.5467459296009296,,-1.8383934412980782,ENSG00000232851,ENSG00000232851,ATP5MFP3
ENSG00000231445.1,-2.2964401403225363,0.031094833131738685,,1.5073117694553637,,-1.5080268944886266,ENSG00000231445,ENSG00000231445,TIMM8AP1
ENSG00000102385.12,-2.2779936033962893,0.03233965734274524,,1.4902645860048591,,-0.8788487320383951,ENSG00000102385,ENSG00000102385,DRP2
ENSG00000269383.2,-2.0881720072554946,0.04804747225322367,,1.3183294553492968,,-0.5965893311578344,ENSG00000269383,ENSG00000269383,CYCSP7
ENSG00000210144.1,-2.071719875297495,0.04968898556411427,,1.3037398695938636,,-0.6662986276259433,ENSG00000210144,ENSG00000210144,MT-TY
ENSG00000233664.1,-2.0508157676517387,0.051846901516701384,,1.2852771928797169,,-1.3601528525368185,ENSG00000233664,ENSG00000233664,NDUFS5P3
ENSG00000234853.2,-2.03257609540421,0.053797624963018195,,1.2692368969771712,,-0.7103548118851032,ENSG00000234853,ENSG00000234853,NDUFA5P3
ENSG00000210135.1,-1.9994318001587748,0.057510059395670665,,1.2402561838681296,,-0.6245997592556892,ENSG00000210135,ENSG00000210135,MT-TN
ENSG00000127184.11,-1.995515318964545,0.05796341220085679,,1.2368460563205315,,-0.7993870264987099,ENSG00000127184,ENSG00000127184,COX7C
ENSG00000179091.4,1.9811371720824273,0.05965500807887527,,1.2243530911433067,,0.6334809721646183,ENSG00000179091,ENSG00000179091,CYC1
ENSG00000231162.4,-1.9729232244593071,0.06064085010646818,,1.2172347190851005,,-1.358436425669734,ENSG00000231162,ENSG00000231162,COX11P1
ENSG00000271423.1,-1.9087588369075197,0.06884921617159671,,1.162100999695918,,-0.9979531370605526,ENSG00000271423,ENSG00000271423,CYCSP1
ENSG00000254944.1,-1.8694728357600536,0.07434210132550363,,1.128765167464489,,-1.1944963690486063,ENSG00000254944,ENSG00000254944,ATP5PBP5
ENSG00000159186.4,-1.8242944557237732,0.08112711501895403,,1.0908339677991261,,-0.8763859569081393,ENSG00000159186,ENSG00000159186,ATP5POP1
ENSG00000228847.1,-1.8131502729531952,0.08288100837939964,,1.081544973683002,,-1.2671195833748852,ENSG00000228847,ENSG00000228847,ATP5MC2P4
ENSG00000128609.14,-1.8109286879207325,0.08323453515255555,,1.0796964415670938,,-0.5933745840266986,ENSG00000128609,ENSG00000128609,NDUFA5
ENSG00000259918.1,-1.756092623054665,0.0923822375799726,,1.0344115229634028,,-1.075357151160462,ENSG00000259918,ENSG00000259918,NDUFA5P11
ENSG00000236736.1,-1.7470462511581384,0.09397129863783599,,1.0270047713637733,,-1.0009730656945928,ENSG00000236736,ENSG00000236736,UQCRC2P1
ENSG00000220831.4,-1.7339657401410664,0.09631026176707608,,1.016327436744806,,-0.9733403490386124,ENSG00000220831,ENSG00000220831,NDUFA5P9
ENSG00000249928.2,-1.7319124485080393,0.09668188998128602,,1.0146548683965697,,-0.7973638601667346,ENSG00000249928,ENSG00000249928,UQCRBP3
ENSG00000230311.2,-1.7301061490393541,0.09700982491614124,,1.0131842792307955,,-1.4063710685687336,ENSG00000230311,ENSG00000230311,TOMM20P4
ENSG00000227590.2,-1.7288250679658668,0.0972429803275755,,1.0121417392570702,,-1.038881202731321,ENSG00000227590,ENSG00000227590,ATP5MC1P5
ENSG00000253750.1,-1.7215011804185594,0.09858510679551065,,1.0061886887612692,,-0.6631770625554896,ENSG00000253750,ENSG00000253750,COXFA4P4
ENSG00000184752.12,-1.70837452554699,0.10103006662375297,,0.9955493606174396,,-0.6247917945738184,ENSG00000184752,ENSG00000184752,NDUFA12
ENSG00000210127.1,-1.6902653408840311,0.10448743057546506,,0.9809359503188697,,-0.45979376166825414,ENSG00000210127,ENSG00000210127,MT-TA
ENSG00000239576.1,-1.6613247725836149,0.1102203685784825,,0.9577381410211863,,-0.2801079191927352,ENSG00000239576,ENSG00000239576,COX6CP14
ENSG00000236930.1,-1.6566396082092831,0.11117295416027183,,0.9540008538293759,,-0.8627733842871557,ENSG00000236930,ENSG00000236930,SDHDP4
ENSG00000248648.1,-1.6548958330180727,0.11152926239006535,,0.9526111700400632,,-0.9448852352560874,ENSG00000248648,ENSG00000248648,COXFA4P3
ENSG00000256310.1,-1.6464612986242892,0.11326628844210415,,0.9458993304024803,,-0.9911997081356791,ENSG00000256310,ENSG00000256310,NDUFA5P6
ENSG00000154723.12,-1.6441262067719415,0.11375117937137365,,0.9440440918855799,,-0.4634953582507804,ENSG00000154723,ENSG00000154723,ATP5PF
ENSG00000198727.2,-1.6394617719361435,0.11472498506767495,,0.940341990160013,,-0.16912557723466767,ENSG00000198727,ENSG00000198727,MT-CYB
ENSG00000230609.1,-1.6370512827466992,0.11523096332353318,,0.9384308074257056,,-0.5078410662828422,ENSG00000230609,ENSG00000230609,COX7CP4
ENSG00000234565.1,-1.6325845705027096,0.116173502187406,,0.9348929181255118,,-1.412486257648746,ENSG00000234565,ENSG00000234565,COX6B1P1
ENSG00000240156.1,1.6170047362299695,0.11951173843526623,,0.9225894362447594,,0.4847069322603439,ENSG00000240156,ENSG00000240156,COX6CP6
ENSG00000228869.1,-1.607737781875396,0.12153507218631135,,0.9152983767239287,,-0.3289154313027131,ENSG00000228869,ENSG00000228869,COX4I1P2
ENSG00000235258.1,1.6007446766766982,0.12308077510406874,,0.9098097774362788,,1.001738281409833,ENSG00000235258,ENSG00000235258,NDUFB4P6
ENSG00000231715.1,1.5971132631591607,0.12388987002460333,,0.9069642026818218,,0.9131197497294118,ENSG00000231715,ENSG00000231715,COX6CP2
ENSG00000210107.1,-1.591885039189013,0.1250625077620323,,0.9028728670651291,,-0.2803539074856487,ENSG00000210107,ENSG00000210107,MT-TQ
ENSG00000232734.1,-1.5808248247333216,0.1275736080581143,,0.8942391615101575,,-1.2084473098284563,ENSG00000232734,ENSG00000232734,ATP5MC1P7
ENSG00000131174.4,1.5708953318016015,0.1298634709277567,,0.8865129936962287,,0.6846151171239647,ENSG00000131174,ENSG00000131174,COX7B
ENSG00000164405.10,1.5704545965895778,0.12996589339174608,,0.8861706035021568,,0.6960389374094623,ENSG00000164405,ENSG00000164405,UQCRQ
ENSG00000214342.2,-1.5641450462487592,0.13143951065414522,,0.8812740664369636,,-0.4648122377146282,ENSG00000214342,ENSG00000214342,ATP5PBP2
ENSG00000210140.1,-1.5431061112536084,0.1364532795450672,,0.8650160219493072,,-0.36257007938470803,ENSG00000210140,ENSG00000210140,MT-TC
ENSG00000241905.1,-1.5372264411223322,0.1378822699838538,,0.8604915753268503,,-0.5267788923657387,ENSG00000241905,ENSG00000241905,NDUFS6P1
ENSG00000242244.1,-1.5025696757270743,0.14655682111828935,,0.833993963611801,,-0.6081232083709605,ENSG00000242244,ENSG00000242244,ATP5MC1P3
ENSG00000236764.4,-1.5020255549875259,0.14669648693389947,,0.8335802864531765,,-0.4700583916728573,ENSG00000236764,ENSG00000236764,COX7A2P2
ENSG00000242365.1,-1.501929987848726,0.1467210284673793,,0.8335076373982759,,-0.8701223051759439,ENSG00000242365,ENSG00000242365,NDUFA5P5
ENSG00000229184.2,-1.492620711239536,0.14912772928402926,,0.8264415949417405,,-0.9001216938686719,ENSG00000229184,ENSG00000229184,ATP5PDP2
ENSG00000214429.3,-1.484352045380331,0.15129225114906017,,0.8201833149998399,,-0.8820397640341704,ENSG00000214429,ENSG00000214429,CYCSP6
ENSG00000264444.1,-1.481466401520471,0.1520536182938134,,0.8180032408513834,,-0.7777767857844117,ENSG00000264444,ENSG00000264444,SDHCP1
ENSG00000277156.1,1.4799935442378878,0.15244342366685548,,0.8168913061414969,,0.9304394917158,ENSG00000277156,ENSG00000277156,TOMM40P1
ENSG00000242036.1,-1.4740748662789631,0.15401803865871241,,0.8124284114287588,,-0.6459578994837518,ENSG00000242036,ENSG00000242036,CYCSP56
ENSG00000249909.1,-1.4718579421031275,0.15461121517363538,,0.8107590064632022,,-0.5902300858495583,ENSG00000249909,ENSG00000249909,CYCTP
ENSG00000278678.1,-1.471719463694689,0.15464832878340937,,0.810654768865232,,-0.6806026046791422,ENSG00000278678,ENSG00000278678,CYCSP41
ENSG00000259374.2,-1.456703024280198,0.15871587020803982,,0.7993796453990295,,-0.5387906054226105,ENSG00000259374,ENSG00000259374,NDUFB4P11
ENSG00000226085.3,-1.4333661115433156,0.16520805575043046,,0.78196877975982,,-1.0162240566379475,ENSG00000226085,ENSG00000226085,UQCRFS1P1
ENSG00000234946.1,-1.426603215747675,0.16712878466914358,,0.7769487449217964,,-1.1709938672906772,ENSG00000234946,ENSG00000234946,SDHCP3
ENSG00000143252.14,-1.4219329637560392,0.16846559442469092,,0.7734887813042781,,-0.34501152261265605,ENSG00000143252,ENSG00000143252,SDHC
ENSG00000198888.2,-1.4215039382293384,0.16858882632590952,,0.7731712127824995,,-0.3914363788569799,ENSG00000198888,ENSG00000198888,MT-ND1
ENSG00000175768.12,-1.4136963744222895,0.17084406636384306,,0.7674001002142988,,-0.6639495630292328,ENSG00000175768,ENSG00000175768,TOMM5
ENSG00000261424.1,-1.4070757742262885,0.1727752663388863,,0.7625184288789213,,-0.8866384440071932,ENSG00000261424,ENSG00000261424,ATP5PBP7
ENSG00000215270.3,1.400700538037194,0.17465130271386858,,0.7578281706370723,,0.7438348864980141,ENSG00000215270,ENSG00000215270,TOMM40P2
ENSG00000213619.9,-1.3999160077514896,0.1748832821543433,,0.7572517046158727,,-0.5562859634541206,ENSG00000213619,ENSG00000213619,NDUFS3
ENSG00000253454.1,-1.3717588518506456,0.18337248923510166,,0.7366658195361494,,-0.7880978096713339,ENSG00000253454,ENSG00000253454,NDUFA5P2
ENSG00000251437.1,1.3591265181846537,0.18728538560607264,,0.727496110495919,,0.6978771336607975,ENSG00000251437,ENSG00000251437,NDUFS5P4
ENSG00000224004.2,-1.3390529563390696,0.19363804305424392,,0.7130093150780278,,-0.6998243113759658,ENSG00000224004,ENSG00000224004,ATP5F1CP1
ENSG00000169020.9,-1.3372082080867715,0.1942302166858772,,0.7116832053285947,,-0.541771467891652,ENSG00000169020,ENSG00000169020,ATP5ME
ENSG00000232786.1,-1.332755615026884,0.19566535877386015,,0.7084860564321528,,-0.5250551290933462,ENSG00000232786,ENSG00000232786,TIMM9P3
ENSG00000131143.8,-1.3274736964896636,0.19737853600306524,,0.7047000766018201,,-0.44669517446424717,ENSG00000131143,ENSG00000131143,COX4I1
ENSG00000223625.1,-1.3228151378616322,0.1988992220375236,,0.7013669155456065,,-0.7319573734944166,ENSG00000223625,ENSG00000223625,CYCSP32
ENSG00000090266.12,1.3194179488629643,0.20001390632643523,,0.6989398081816287,,0.557962771819168,ENSG00000090266,ENSG00000090266,NDUFB2
ENSG00000232503.1,-1.3103580150134193,0.20301042648116818,,0.6924816564367708,,-0.6839011928177572,ENSG00000232503,ENSG00000232503,CYCSP8
ENSG00000231635.1,-1.3027410908133366,0.20555655380423513,,0.687068671957628,,-0.890877716538353,ENSG00000231635,ENSG00000231635,ATP5F1BP1
ENSG00000242561.1,-1.2987173159185441,0.20691154202045606,,0.6842152826741249,,-0.294456910464298,ENSG00000242561,ENSG00000242561,ATP5MGP5
ENSG00000268747.1,-1.2987173159185437,0.2069115420204562,,0.6842152826741246,,-0.19264507794239588,ENSG00000268747,ENSG00000268747,COX16P1
ENSG00000259547.1,-1.2987173159185437,0.2069115420204562,,0.6842152826741246,,-0.19264507794239588,ENSG00000259547,ENSG00000259547,CYCSP2
ENSG00000251025.1,-1.2987173159185437,0.2069115420204562,,0.6842152826741246,,-0.19264507794239588,ENSG00000251025,ENSG00000251025,NDUFB5P1
ENSG00000258877.2,-1.2987173159185437,0.2069115420204562,,0.6842152826741246,,-0.36257007938470803,ENSG00000258877,ENSG00000258877,ATP5F1AP4
ENSG00000232362.1,-1.2952888928675947,0.20807149275937128,,0.6817874170751124,,-0.8291560606828052,ENSG00000232362,ENSG00000232362,ATP5MGP2
ENSG00000267855.5,-1.2945342767660641,0.20832747851994743,,0.681253442570191,,-0.38814450522556515,ENSG00000267855,ENSG00000267855,NDUFA7
ENSG00000254601.1,-1.294534276766064,0.20832747851994746,,0.681253442570191,,-0.38814450522556515,ENSG00000254601,ENSG00000254601,CYCSP26
ENSG00000231884.1,-1.2887318129266234,0.2103039650410348,,0.6771525391101187,,-0.7189890098257472,ENSG00000231884,ENSG00000231884,NDUFB1P1
ENSG00000163626.16,-1.2856295598811114,0.21136660115264014,,0.6749636361442036,,-0.6095589642295165,ENSG00000163626,ENSG00000163626,COX18
ENSG00000213954.3,-1.2789492141701904,0.21366891132884724,,0.6702586627705258,,-0.6361555699665133,ENSG00000213954,ENSG00000213954,ATP5PDP3
ENSG00000219627.1,-1.2725720815579893,0.21588467384975665,,0.6657781881369991,,-0.35508801815210017,ENSG00000219627,ENSG00000219627,CYCSP17
ENSG00000230671.2,-1.257543715796473,0.22117606070440726,,0.6552618812850928,,-0.6682763581873229,ENSG00000230671,ENSG00000230671,NDUFS5P5
ENSG00000235141.1,-1.2572252189369348,0.2212892648291012,,0.6550396540283164,,-0.37612563751623085,ENSG00000235141,ENSG00000235141,COX6CP17
ENSG00000226114.1,-1.2449900727099081,0.22567161737772748,,0.6465230585179245,,-0.6927687404564211,ENSG00000226114,ENSG00000226114,NDUFB4P5
ENSG00000228834.1,1.2311190123840527,0.23071945996348392,,0.6369157734965242,,0.7853457730740836,ENSG00000228834,ENSG00000228834,ATP5MFP2
ENSG00000248448.2,-1.226305026179652,0.23249118802117633,,0.6335935032742553,,-0.5078410662828422,ENSG00000248448,ENSG00000248448,COX5BP1
ENSG00000265766.3,-1.2252245483893747,0.23289025538620342,,0.6328486828716628,,-0.8343424135396821,ENSG00000265766,ENSG00000265766,CXADRP3
ENSG00000242086.8,-1.2219307484871471,0.23410999525572426,,0.6305800438354621,,-0.2801079191927352,ENSG00000242086,ENSG00000242086,SDHAP2
ENSG00000255531.1,-1.2219307484871471,0.23410999525572426,,0.6305800438354621,,-0.2801079191927352,ENSG00000255531,ENSG00000255531,NDUFS5P6
ENSG00000178057.14,1.2075812682927904,0.23948014278018476,,0.6207304915960543,,0.6187489936276374,ENSG00000178057,ENSG00000178057,NDUFAF3
ENSG00000261624.1,-1.1931676314192392,0.2449670100070388,,0.610892398641997,,-0.3071726974737517,ENSG00000261624,ENSG00000261624,NDUFB10P2
ENSG00000267189.1,-1.193167631419239,0.24496701000703888,,0.6108923986419968,,-0.3071726974737517,ENSG00000267189,ENSG00000267189,ATP5MGP7
ENSG00000233114.2,-1.1919985511960773,0.24541613817658647,,0.6100968821526445,,-0.6896708446330829,ENSG00000233114,ENSG00000233114,COX7BP4
ENSG00000255358.1,-1.1905205931045513,0.24598480961868807,,0.6090917111993607,,-0.45544015226282497,ENSG00000255358,ENSG00000255358,NDUFAF2P2
ENSG00000216710.1,-1.1864664269583898,0.24754977959003335,,0.6063374560134702,,-0.4700583916728573,ENSG00000216710,ENSG00000216710,COX6A1P3
ENSG00000014919.12,-1.1817411795445916,0.24938316139233477,,0.6031328738778216,,-0.27319393484007815,ENSG00000014919,ENSG00000014919,COX15
ENSG00000176268.5,-1.1774768168673821,0.251046390206713,,0.6002460189603229,,-0.5918261867739596,ENSG00000176268,ENSG00000176268,CYCSP34
ENSG00000164919.10,1.176129443410592,0.2515736183583299,,0.5993349037757694,,0.6044518440133347,ENSG00000164919,ENSG00000164919,COX6C
ENSG00000254358.1,-1.1586840536446177,0.2584744826738056,,0.5875823252236786,,-0.5813379131103139,ENSG00000254358,ENSG00000254358,CYCSP22
ENSG00000255010.1,-1.1556611862667394,0.25968433120623435,,0.5855542539747096,,-0.34704640941354986,ENSG00000255010,ENSG00000255010,COX5BP4
ENSG00000267498.1,-1.1556611862667394,0.25968433120623435,,0.5855542539747096,,-0.34704640941354986,ENSG00000267498,ENSG00000267498,UQCRFS1-DT
ENSG00000227073.1,-1.136029666533477,0.26764330890313637,,0.572443609529828,,-1.0429189461285926,ENSG00000227073,ENSG00000227073,SDHDP2
ENSG00000258401.1,1.1349008767288893,0.2681063207246637,,0.5716929472126263,,0.2762993763489593,ENSG00000258401,ENSG00000258401,ATP5MC2P2
ENSG00000250922.1,1.1349008767288886,0.2681063207246641,,0.5716929472126256,,0.3479233034203068,ENSG00000250922,ENSG00000250922,ATP5F1EP1
ENSG00000213032.3,1.1349008767288886,0.2681063207246641,,0.5716929472126256,,0.19419739397230076,ENSG00000213032,ENSG00000213032,NDUFA3P3
ENSG00000253349.1,1.1349008767288886,0.2681063207246641,,0.5716929472126256,,0.24100809950379498,ENSG00000253349,ENSG00000253349,COX6B1P6
ENSG00000224421.1,1.1349008767288886,0.2681063207246641,,0.5716929472126256,,0.5321483282162809,ENSG00000224421,ENSG00000224421,ATP5MFP1
ENSG00000210077.1,1.1349008767288886,0.2681063207246641,,0.5716929472126256,,0.12553088208385882,ENSG00000210077,ENSG00000210077,MT-TV
ENSG00000210100.1,1.1349008767288884,0.26810632072466417,,0.5716929472126255,,0.30450705946926154,ENSG00000210100,ENSG00000210100,MT-TI
ENSG00000262870.1,1.1349008767288884,0.26810632072466417,,0.5716929472126255,,0.3807222052826415,ENSG00000262870,ENSG00000262870,CYCSP40
ENSG00000004779.9,-1.1331432610301093,0.2688284346868001,,0.5705247967251527,,-0.4135582841245686,ENSG00000004779,ENSG00000004779,NDUFAB1
ENSG00000232608.1,1.1295431997278327,0.27031195737542496,,0.568134742657525,,0.6630433598409446,ENSG00000232608,ENSG00000232608,TIMM9P2
ENSG00000283016.1,-1.1271349913857636,0.2713076736220806,,0.5665379225502511,,-0.8112386520617564,ENSG00000283016,ENSG00000283016,ATP5MC1P2
ENSG00000161533.11,-1.1234350841658118,0.27284268065735795,,0.5640876922116294,,-0.28652157706351167,ENSG00000161533,ENSG00000161533,ACOX1
ENSG00000210194.1,-1.1225317778905586,0.2732184020532455,,0.5634900530101428,,-0.18900381611637432,ENSG00000210194,ENSG00000210194,MT-TE
ENSG00000154079.5,-1.1220176692640953,0.27343240887225123,,0.5631500114937873,,-0.5953245918645215,ENSG00000154079,ENSG00000154079,SDHAF4
ENSG00000235013.1,-1.1051768818106993,0.2805103412668442,,0.5520511234547357,,-0.6364582788574185,ENSG00000235013,ENSG00000235013,COX20P2
ENSG00000104980.7,1.082372845376732,0.2903046207213603,,0.5371460515337463,,0.34134442506589996,ENSG00000104980,ENSG00000104980,TIMM44
ENSG00000265354.3,-1.0617218058860367,0.29938381478373605,,0.5237716820828547,,-0.38813806498488407,ENSG00000265354,ENSG00000265354,TIMM23
ENSG00000205105.6,-1.0589130998120937,0.3006341039654389,,0.5219617545412619,,-0.8124894349256934,ENSG00000205105,ENSG00000205105,COX17P1
ENSG00000255379.1,-1.0586161434727854,0.3007665099632157,,0.5217705236252879,,-0.7170752012529863,ENSG00000255379,ENSG00000255379,CYCSP29
ENSG00000227666.1,-1.0574300909987064,0.3012957565960688,,0.5210069848214627,,-0.6497883593745332,ENSG00000227666,ENSG00000227666,CYCSP24
ENSG00000232901.1,1.0558269921218062,0.3020121502972724,,0.5199755845232751,,0.6620174719644389,ENSG00000232901,ENSG00000232901,CYCSP10
ENSG00000149313.10,-1.0459358582682972,0.3064590355371012,,0.513627569527876,,-0.36718571576542147,ENSG00000149313,ENSG00000149313,AASDHPPT
ENSG00000210195.2,-1.044911283942737,0.3069222981604599,,0.5129715585663474,,-0.35558123165403926,ENSG00000210195,ENSG00000210195,MT-TT
ENSG00000251306.1,-1.0405440183659784,0.30890250842887784,,0.5101785650154912,,-0.6060649950729806,ENSG00000251306,ENSG00000251306,NDUFB4P2
ENSG00000225155.4,-1.0389002005967647,0.30965017794966254,,0.509128666074128,,-0.7314679257260701,ENSG00000225155,ENSG00000225155,TOMM22P5
ENSG00000134375.10,1.0235402704081424,0.3166980448178409,,0.4993546178009453,,0.408595048806834,ENSG00000134375,ENSG00000134375,TIMM17A
ENSG00000214810.4,-1.0218195476370162,0.31749453247636444,,0.4982637492248876,,-0.4667215862269797,ENSG00000214810,ENSG00000214810,CYCSP55
ENSG00000237528.1,-1.0173026656551694,0.31959196287100056,,0.4954041508995478,,-0.6215350808947894,ENSG00000237528,ENSG00000237528,UQCR10P1
ENSG00000126267.8,1.0128004638457502,0.32169217536122247,,0.4925595024762442,,0.38281924406166473,ENSG00000126267,ENSG00000126267,COX6B1
ENSG00000237082.1,-1.0024219110805708,0.3265701558116921,,0.4860235065513423,,-0.6066835739779582,ENSG00000237082,ENSG00000237082,COX5BP6
ENSG00000125356.6,-1.0023100713959119,0.3266229987998165,,0.48595323815358654,,-0.4214415348054727,ENSG00000125356,ENSG00000125356,NDUFA1
ENSG00000255987.1,-0.9974778392968789,0.3289118310189779,,0.4829205045840943,,-0.45563379039342145,ENSG00000255987,ENSG00000255987,TOMM20P2
ENSG00000167283.7,0.9788419992472952,0.33784249148482665,,0.47128572878264524,,0.25137635865264096,ENSG00000167283,ENSG00000167283,ATP5MG
ENSG00000112695.11,0.9691952530823349,0.3425300844012581,,0.4653012784323723,,0.3692495527633295,ENSG00000112695,ENSG00000112695,COX7A2
ENSG00000136521.12,-0.9614019165841797,0.34634929630047206,,0.46048569040950815,,-0.3628926165638712,ENSG00000136521,ENSG00000136521,NDUFB5
ENSG00000139180.10,-0.9605353300973237,0.34677575684301004,,0.459951271741752,,-0.357271911012511,ENSG00000139180,ENSG00000139180,NDUFA9
ENSG00000234108.1,0.9544854439421405,0.3497629246987264,,0.4562262281681557,,0.5682928889407718,ENSG00000234108,ENSG00000234108,COX6A1P1
ENSG00000185986.11,-0.945210808922929,0.3543760449208756,,0.45053564319102174,,-0.43237971326775293,ENSG00000185986,ENSG00000185986,SDHAP3
ENSG00000180389.6,0.9270477520123976,0.3635283613993681,,0.43946170112198174,,0.6664119432088894,ENSG00000180389,ENSG00000180389,ATP5F1EP2
ENSG00000229217.1,-0.9108739839853042,0.37180987205106525,,0.4296790833097243,,-0.5112338641834159,ENSG00000229217,ENSG00000229217,CYCSP11
ENSG00000224183.1,-0.9067932349400021,0.37391891726389426,,0.42722256251228075,,-0.6284809671595948,ENSG00000224183,ENSG00000224183,SDHDP6
ENSG00000235957.1,-0.9026072357711693,0.3760905432082014,,0.4247075867693846,,-0.6885316871701038,ENSG00000235957,ENSG00000235957,COX7CP1
ENSG00000234925.2,-0.8954300027475418,0.37983324847995975,,0.4204070222230733,,-0.5039196480879906,ENSG00000234925,ENSG00000234925,ATP5PDP4
ENSG00000234861.2,-0.8925669208810071,0.3813330477837488,,0.41869555547066917,,-0.5597940057392345,ENSG00000234861,ENSG00000234861,ATP5F1AP1
ENSG00000260870.1,-0.8841993402217095,0.3857385079697133,,0.4137070036956221,,-0.3587886567126074,ENSG00000260870,ENSG00000260870,NDUFB10P1
ENSG00000210112.1,-0.8823046743962876,0.3867406193715612,,0.4125802115770771,,-0.19264507794239588,ENSG00000210112,ENSG00000210112,MT-TM
ENSG00000249754.2,-0.8823046743962876,0.3867406193715612,,0.4125802115770771,,-0.0995356735509144,ENSG00000249754,ENSG00000249754,NDUFB4P9
ENSG00000267376.1,-0.8823046743962875,0.3867406193715613,,0.4125802115770769,,-0.19264507794239588,ENSG00000267376,ENSG00000267376,ATP5MGP6
ENSG00000249047.2,-0.8823046743962875,0.3867406193715613,,0.4125802115770769,,-0.0995356735509144,ENSG00000249047,ENSG00000249047,COX6B1P5
ENSG00000232880.1,-0.8823046743962875,0.3867406193715613,,0.4125802115770769,,-0.0995356735509144,ENSG00000232880,ENSG00000232880,NDUFB4P10
ENSG00000224263.1,-0.8823046743962875,0.3867406193715613,,0.4125802115770769,,-0.0995356735509144,ENSG00000224263,ENSG00000224263,CYCSP12
ENSG00000241571.2,-0.8823046743962875,0.3867406193715613,,0.4125802115770769,,-0.0995356735509144,ENSG00000241571,ENSG00000241571,ATP5F1AP7
ENSG00000241788.2,-0.8823046743962875,0.3867406193715613,,0.4125802115770769,,-0.0995356735509144,ENSG00000241788,ENSG00000241788,COX6B1P2
ENSG00000234144.1,-0.8823046743962872,0.38674061937156134,,0.41258021157707686,,-0.15472785650085377,ENSG00000234144,ENSG00000234144,COX6CP13
ENSG00000218424.2,-0.8823046743962872,0.38674061937156134,,0.41258021157707686,,-0.15472785650085377,ENSG00000218424,ENSG00000218424,NDUFS5P1
ENSG00000234333.2,-0.8823046743962872,0.38674061937156134,,0.41258021157707686,,-0.15472785650085377,ENSG00000234333,ENSG00000234333,CYCSP53
ENSG00000267590.1,-0.8823046743962872,0.38674061937156134,,0.41258021157707686,,-0.15472785650085377,ENSG00000267590,ENSG00000267590,NDUFA3P1
ENSG00000262366.1,-0.8823046743962872,0.38674061937156134,,0.41258021157707686,,-0.2801079191927352,ENSG00000262366,ENSG00000262366,NDUFA3P6
ENSG00000254959.6,-0.8823046743962872,0.38674061937156134,,0.41258021157707686,,-0.45638963832372537,ENSG00000254959,ENSG00000254959,INMT-MINDY4
ENSG00000271710.1,-0.8823046743962872,0.38674061937156134,,0.41258021157707686,,-0.2444489229668608,ENSG00000271710,ENSG00000271710,NDUFA8P1
ENSG00000204581.2,-0.8823046743962872,0.38674061937156134,,0.41258021157707686,,-0.22138466449142133,ENSG00000204581,ENSG00000204581,ACOXL-AS1
ENSG00000156885.5,-0.8823046743962872,0.38674061937156134,,0.41258021157707686,,-0.15472785650085377,ENSG00000156885,ENSG00000156885,COX6A2
ENSG00000254224.1,-0.8823046743962872,0.38674061937156134,,0.41258021157707686,,-0.15472785650085377,ENSG00000254224,ENSG00000254224,UQCRB-AS1
ENSG00000236258.1,-0.8823046743962872,0.38674061937156134,,0.41258021157707686,,-0.2801079191927352,ENSG00000236258,ENSG00000236258,TIMM8BP1
ENSG00000236900.1,-0.8823046743962873,0.3867406193715614,,0.4125802115770768,,-0.0995356735509144,ENSG00000236900,ENSG00000236900,TIMM9P1
ENSG00000225183.1,-0.8823046743962873,0.3867406193715614,,0.4125802115770768,,-0.2444489229668608,ENSG00000225183,ENSG00000225183,COX7BP3
ENSG00000223986.1,-0.8823046743962873,0.3867406193715614,,0.4125802115770768,,-0.0995356735509144,ENSG00000223986,ENSG00000223986,COX6A1P5
ENSG00000225428.1,-0.8823046743962873,0.3867406193715614,,0.4125802115770768,,-0.0995356735509144,ENSG00000225428,ENSG00000225428,NDUFB4P7
ENSG00000234523.1,-0.8823046743962873,0.3867406193715614,,0.4125802115770768,,-0.0995356735509144,ENSG00000234523,ENSG00000234523,NDUFB1P2
ENSG00000253994.1,-0.8823046743962873,0.3867406193715614,,0.4125802115770768,,-0.19264507794239588,ENSG00000253994,ENSG00000253994,NDUFB9P3
ENSG00000249074.1,-0.8823046743962873,0.3867406193715614,,0.4125802115770768,,-0.0995356735509144,ENSG00000249074,ENSG00000249074,NDUFB2P1
ENSG00000214319.2,-0.8823046743962873,0.3867406193715614,,0.4125802115770768,,-0.3289154313027131,ENSG00000214319,ENSG00000214319,CXADRP1
ENSG00000270313.1,-0.8823046743962873,0.3867406193715614,,0.4125802115770768,,-0.0995356735509144,ENSG00000270313,ENSG00000270313,COX6CP16
ENSG00000235967.1,-0.8823046743962873,0.3867406193715614,,0.4125802115770768,,-0.19264507794239588,ENSG00000235967,ENSG00000235967,COX5BP3
ENSG00000259262.1,-0.8823046743962873,0.3867406193715614,,0.4125802115770768,,-0.0995356735509144,ENSG00000259262,ENSG00000259262,NDUFA3P4
ENSG00000254437.1,-0.882304674396287,0.38674061937156146,,0.41258021157707675,,-0.15472785650085377,ENSG00000254437,ENSG00000254437,COX6A1P4
ENSG00000230801.1,-0.8823046743962871,0.38674061937156146,,0.41258021157707675,,-0.0995356735509144,ENSG00000230801,ENSG00000230801,ATP5MFP7
ENSG00000268681.1,-0.882304674396287,0.38674061937156146,,0.41258021157707675,,-0.38814450522556515,ENSG00000268681,ENSG00000268681,COX6CP7
ENSG00000232390.3,-0.882304674396287,0.38674061937156146,,0.41258021157707675,,-0.6105002542250745,ENSG00000232390,ENSG00000232390,NDUFA5P1
ENSG00000099795.6,0.8738745274163048,0.3912199326666966,,0.407579026004518,,0.4690980136377192,ENSG00000099795,ENSG00000099795,NDUFB7
ENSG00000233548.1,-0.8509232437837532,0.40358431519523286,,0.39406572042453475,,-0.5022636661215142,ENSG00000233548,ENSG00000233548,CYCSP44
ENSG00000140990.14,0.8412276562983418,0.40888175216645734,,0.38840227098210595,,0.4273932645871588,ENSG00000140990,ENSG00000140990,NDUFB10
ENSG00000236088.9,-0.8404682116242957,0.40929855088695055,,0.38795979296263444,,-0.28727007142391814,ENSG00000236088,ENSG00000236088,COX10-DT
ENSG00000225077.2,-0.8382325513999197,0.4105270905505656,,0.3866581786458306,,-0.3314056698624504,ENSG00000225077,ENSG00000225077,ICMT-DT
ENSG00000126953.5,0.8332459752183073,0.41327571756312004,,0.3837601113845163,,0.4542992749670023,ENSG00000126953,ENSG00000126953,TIMM8A
ENSG00000259467.1,-0.8226045550559719,0.4191800679822429,,0.37759937624171286,,-0.5315417055433886,ENSG00000259467,ENSG00000259467,NDUFAF4P1
ENSG00000171109.18,0.8175915863121456,0.4219797387570447,,0.3747084010697425,,0.15890949138654262,ENSG00000171109,ENSG00000171109,MFN1
ENSG00000116688.16,-0.8137292416280237,0.4241447559419194,,0.3724858981767963,,-0.25627946605106494,ENSG00000116688,ENSG00000116688,MFN2
ENSG00000119013.8,0.7959985940293844,0.43417214098150636,,0.3623380468561877,,0.4893836422248546,ENSG00000119013,ENSG00000119013,NDUFB3
ENSG00000233874.2,-0.7906953441529581,0.43719950550216974,,0.3593203379341382,,-0.32493507545508815,ENSG00000233874,ENSG00000233874,MFN1P1
ENSG00000203667.9,0.7813728497763281,0.4425525687173896,,0.35403513412349435,,0.2922803570104494,ENSG00000203667,ENSG00000203667,COX20
ENSG00000249222.1,0.7791759682149607,0.44381983659913166,,0.35279329080834354,,0.6067929143961462,ENSG00000249222,ENSG00000249222,ATP5MGL
ENSG00000196636.7,0.7790693269684262,0.44388140863468184,,0.3527330444237283,,0.42875076710583176,ENSG00000196636,ENSG00000196636,SDHAF3
ENSG00000075336.11,-0.7774551369462723,0.44481403732207986,,0.351821515860968,,-0.2582209598033539,ENSG00000075336,ENSG00000075336,TIMM21
ENSG00000249253.1,0.7689564546900121,0.44974393048274497,,0.3470346889621517,,0.2283977713663093,ENSG00000249253,ENSG00000249253,ATP5MC2P5
ENSG00000145494.11,0.7686348175468806,0.44993115152137125,,0.3468539368956075,,0.24513863219430052,ENSG00000145494,ENSG00000145494,NDUFS6
ENSG00000133983.14,-0.7662722578140271,0.45130781157662864,,0.34552714931773487,,-0.5219675901999261,ENSG00000133983,ENSG00000133983,COX16
ENSG00000010256.10,-0.7473592891919555,0.46241962164652056,,0.33496374597158635,,-0.2663824218622229,ENSG00000010256,ENSG00000010256,UQCRC1
ENSG00000177370.4,0.7464985498410537,0.46292917202614925,,0.33448545077737435,,0.5250932586072259,ENSG00000177370,ENSG00000177370,TIMM22
ENSG00000231378.1,-0.7441885772752419,0.4642983050652733,,0.33320290173581296,,-0.33973077795843326,ENSG00000231378,ENSG00000231378,NDUFAF4P4
ENSG00000156170.12,-0.7418962479703237,0.46565935372772244,,0.33193166892180476,,-0.19364932753742845,ENSG00000156170,ENSG00000156170,NDUFAF6
ENSG00000214318.3,-0.7411458079771983,0.46610543341641947,,0.3315158344434813,,-0.5991058332410732,ENSG00000214318,ENSG00000214318,ATP5MC1P6
ENSG00000168653.10,-0.732489512559702,0.471269204100194,,0.3267309390358894,,-0.30107748872132983,ENSG00000168653,ENSG00000168653,NDUFS5
ENSG00000277297.1,-0.7313012875693156,0.471980638187568,,0.32607581683364506,,-0.5094915789769353,ENSG00000277297,ENSG00000277297,ATP5F1AP10
ENSG00000185633.10,-0.7299109127945547,0.47281390754606656,,0.3253097574193528,,-0.3329726147775178,ENSG00000185633,ENSG00000185633,COXFA4L2
ENSG00000167985.6,-0.7278457851504607,0.47405315734189757,,0.3241729565414123,,-0.40931516589558053,ENSG00000167985,ENSG00000167985,SDHAF2
ENSG00000198763.3,-0.7243746964929901,0.47614038429493183,,0.3222649818679726,,-0.1424491681867965,ENSG00000198763,ENSG00000198763,MT-ND2
ENSG00000151366.12,0.7188235258193622,0.4794895392624173,,0.3192208631339117,,0.3539656185610274,ENSG00000151366,ENSG00000151366,NDUFC2
ENSG00000003509.15,0.7167036967184744,0.48077209158117923,,0.31806075070597695,,0.13930116257512706,ENSG00000003509,ENSG00000003509,NDUFAF7
ENSG00000156411.9,-0.7104962426354862,0.4845392029411959,,0.3146710794341334,,-0.2835304448315492,ENSG00000156411,ENSG00000156411,ATP5MJ
ENSG00000236691.3,0.7093375477768759,0.48524426396056264,,0.3140395896747862,,0.4303845510321684,ENSG00000236691,ENSG00000236691,NDUFA4P2
ENSG00000154174.7,0.7078064845616391,0.48617681744478025,,0.31320575362893155,,0.21192967171801788,ENSG00000154174,ENSG00000154174,TOMM70
ENSG00000115286.19,0.707780802406703,0.4861924689669769,,0.31319177258321373,,0.24761856081872538,ENSG00000115286,ENSG00000115286,NDUFS7
ENSG00000258626.2,-0.7062987238068008,0.4870961868454879,,0.31238527021974155,,-0.1689260283804392,ENSG00000258626,ENSG00000258626,COX7A2P1
ENSG00000186010.18,-0.7005069317355134,0.490637073815898,,0.30923963846689917,,-0.4587844254541631,ENSG00000186010,ENSG00000186010,NDUFA13
ENSG00000130770.17,0.6961003791275218,0.4933409317054073,,0.30685285032676485,,0.23951019033404242,ENSG00000130770,ENSG00000130770,ATP5IF1
ENSG00000160471.12,0.6940561924964093,0.4945981273183328,,0.30574753232743906,,0.2376914177519825,ENSG00000160471,ENSG00000160471,COX6B2
ENSG00000240889.1,-0.6924194169371444,0.4956060762954484,,0.30486337766843846,,-0.447165153231245,ENSG00000240889,ENSG00000240889,NDUFB2-AS1
ENSG00000271332.1,0.6884722998332876,0.49804156892667556,,0.302734407436966,,0.17676370279804496,ENSG00000271332,ENSG00000271332,ATP5MGP8
ENSG00000167792.11,-0.6870712189809955,0.4989077093775252,,0.30197978506813566,,-0.27712257307672,ENSG00000167792,ENSG00000167792,NDUFV1
ENSG00000224524.1,-0.6827260842250708,0.501599268441411,,0.29964310557464874,,-0.18164181538989288,ENSG00000224524,ENSG00000224524,CYCSP42
ENSG00000214135.8,-0.6824246330030604,0.5017863036725607,,0.2994811969883423,,-0.2906198279351734,ENSG00000214135,ENSG00000214135,SDHAP4
ENSG00000185485.14,0.6710663699049556,0.508862133825874,,0.2933998652641106,,0.09869932845454871,ENSG00000185485,ENSG00000185485,SDHAP1
ENSG00000244381.1,0.6665058114917147,0.5117188317936677,,0.29096860023800025,,0.4428069783028127,ENSG00000244381,ENSG00000244381,SDHDP3
ENSG00000235700.1,-0.6631352283939218,0.5138358618206802,,0.2891755885723468,,-0.37268560743706836,ENSG00000235700,ENSG00000235700,CYCSP52
ENSG00000224877.3,-0.660223930078046,0.5156683242051125,,0.2876295450436104,,-0.38969099970143245,ENSG00000224877,ENSG00000224877,NDUFAF8
ENSG00000213310.3,-0.6474898622420905,0.5237258701471441,,0.28089597300579755,,-0.37051699208350447,ENSG00000213310,ENSG00000213310,CYCSP19
ENSG00000279307.2,-0.6456490697427281,0.5248963139836308,,0.27992647699789125,,-0.4314329454366847,ENSG00000279307,ENSG00000279307,NDUFAF2P1
ENSG00000165264.10,-0.6421740277341834,0.5271097608070493,,0.2780989416196251,,-0.27964059651070367,ENSG00000165264,ENSG00000165264,NDUFB6
ENSG00000255370.1,-0.6409569162089906,0.5278862060059948,,0.2774596862349744,,-0.35642704764105804,ENSG00000255370,ENSG00000255370,CYCSP25
ENSG00000147684.7,0.6372165338574058,0.5302762340308059,,0.2754978366954445,,0.19871143705640515,ENSG00000147684,ENSG00000147684,NDUFB9
ENSG00000115944.14,-0.6351866799548517,0.5315757184978533,,0.2744348651319343,,-0.26001157596641916,ENSG00000115944,ENSG00000115944,COX7A2L
ENSG00000253813.1,0.635177756282528,0.5315814351078482,,0.27443019471765445,,0.2839482582906089,ENSG00000253813,ENSG00000253813,COX6B1P4
ENSG00000189043.9,-0.6317845423780035,0.5337575742376744,,0.27265594910736524,,-0.25926030669981665,ENSG00000189043,ENSG00000189043,COXFA4
ENSG00000116459.10,-0.6308879107495395,0.5343334035889564,,0.27218767526328286,,-0.20615644424992108,ENSG00000116459,ENSG00000116459,ATP5PB
ENSG00000227440.1,0.630509308256301,0.5345766477655015,,0.27199001671321443,,0.4624003131355624,ENSG00000227440,ENSG00000227440,ATP5MC1P4
ENSG00000198804.2,-0.6228700258614912,0.5394974263821131,,0.26801062273401355,,-0.07439564664570507,ENSG00000198804,ENSG00000198804,MT-CO1
ENSG00000217314.2,0.6220437911958943,0.5400310847776082,,0.26758124099398867,,0.37665697791274155,ENSG00000217314,ENSG00000217314,UQCRFS1P3
ENSG00000099800.7,0.6207064207619817,0.5408954782734438,,0.26688664911644966,,0.4015656792125195,ENSG00000099800,ENSG00000099800,TIMM13
ENSG00000158882.13,0.6200379220872877,0.5413278306763795,,0.2665396444432565,,0.23156169237356258,ENSG00000158882,ENSG00000158882,TOMM40L
ENSG00000258972.1,0.6149859196482276,0.5446011602793337,,0.26392143772544224,,0.14147242595288048,ENSG00000258972,ENSG00000258972,NDUFB8P1
ENSG00000178127.12,-0.6117423249514056,0.546708288753209,,0.26224434163342536,,-0.2683606890305668,ENSG00000178127,ENSG00000178127,NDUFV2
ENSG00000217718.1,0.60910193921006,0.5484267295899323,,0.2608813864308204,,0.36842611389033947,ENSG00000217718,ENSG00000217718,NDUFB4P4
ENSG00000142444.6,-0.6011484084364103,0.5536202569670216,,0.25678802742404877,,-0.26470421493399726,ENSG00000142444,ENSG00000142444,TIMM29
ENSG00000261679.2,-0.5986800212961767,0.5552372833129201,,0.25552137938060693,,-0.3845453255367816,ENSG00000261679,ENSG00000261679,ATP5PDP1
ENSG00000198712.1,-0.5921714651006506,0.5595127662911098,,0.25218999981207274,,-0.13276452676118125,ENSG00000198712,ENSG00000198712,MT-CO2
ENSG00000224927.2,-0.5821498377155998,0.5661291343012022,,0.24708449475209956,,-0.1995644918821865,ENSG00000224927,ENSG00000224927,NDUFA5P10
ENSG00000211459.2,-0.5809412517510246,0.5669297521997635,,0.24647075084616835,,-0.07711577451062529,ENSG00000211459,ENSG00000211459,MT-RNR1
ENSG00000152234.15,-0.5789253825686749,0.568266434613546,,0.2454479953587956,,-0.18354312124373423,ENSG00000152234,ENSG00000152234,ATP5F1A
ENSG00000169021.5,-0.563270566047039,0.5787011990070323,,0.23754561782377212,,-0.230035215046586,ENSG00000169021,ENSG00000169021,UQCRFS1
ENSG00000138495.6,0.5547696662539919,0.5844074653027355,,0.2332842449638259,,0.2615201338330984,ENSG00000138495,ENSG00000138495,COX17
ENSG00000224908.1,-0.5326227445242958,0.5994034219862975,,0.22228078200177892,,-0.373288614342174,ENSG00000224908,ENSG00000224908,TIMM8BP2
ENSG00000100216.5,-0.5297183446809575,0.6013837450468145,,0.22084831473213723,,-0.27681750134158006,ENSG00000100216,ENSG00000100216,TOMM22
ENSG00000180190.11,-0.5192044545035687,0.6085786876900295,,0.21568326062176132,,-0.2831195605931818,ENSG00000180190,ENSG00000180190,TDRP
ENSG00000154518.9,-0.5174961317050215,0.6097515913613989,,0.2148470575684386,,-0.27213889368233857,ENSG00000154518,ENSG00000154518,ATP5MC3
ENSG00000227735.1,-0.5173895174253669,0.609824826304822,,0.2147948992429927,,-0.2829006741853478,ENSG00000227735,ENSG00000227735,CYCSP5
ENSG00000271180.1,0.5160376560330898,0.6107538013162679,,0.21413382130820302,,0.3445640593640701,ENSG00000271180,ENSG00000271180,COX5AP1
ENSG00000109390.11,-0.5130664172136824,0.6127979320062894,,0.2126827089756035,,-0.2895082513295774,ENSG00000109390,ENSG00000109390,NDUFC1
ENSG00000099624.7,0.5099264590792855,0.6149616332884938,,0.2111519784861445,,0.2507869479954628,ENSG00000099624,ENSG00000099624,ATP5F1D
ENSG00000227941.1,0.5042869041860155,0.6188567444201951,,0.20840987167158453,,0.18523933884725505,ENSG00000227941,ENSG00000227941,UQCRBP2
ENSG00000225712.1,-0.49925571640845556,0.6223413365777072,,0.2059713517531447,,-0.302220032550905,ENSG00000225712,ENSG00000225712,ATP5MC2P1
ENSG00000225176.2,0.4986627951454914,0.6227525900390963,,0.2056844575492265,,0.29156983292925576,ENSG00000225176,ENSG00000225176,ATP5MGP4
ENSG00000256103.2,0.4985036994111303,0.6228629610859105,,0.20560749393605476,,0.27247787110659805,ENSG00000256103,ENSG00000256103,ATP5MFP5
ENSG00000065518.7,-0.49501228081314436,0.6252873687717064,,0.20392034427336048,,-0.2205942856451931,ENSG00000065518,ENSG00000065518,NDUFB4
ENSG00000198938.2,-0.49267318955237543,0.6269140349481029,,0.2027920073467397,,-0.09438670811755137,ENSG00000198938,ENSG00000198938,MT-CO3
ENSG00000157426.13,0.4924537422455041,0.6270667439132146,,0.20268623114612963,,0.11629984166312424,ENSG00000157426,ENSG00000157426,AASDH
ENSG00000237629.1,-0.47200290367044223,0.6413721130123806,,0.19288992720791218,,-0.3174811235619583,ENSG00000237629,ENSG00000237629,UQCRHP2
ENSG00000105197.10,-0.46573452242899577,0.6457857807649112,,0.18991152172722084,,-0.12894506775942602,ENSG00000105197,ENSG00000105197,TIMM50
ENSG00000168306.12,0.4654413621219859,0.6459925272264737,,0.18977250584868996,,0.20157252828929192,ENSG00000168306,ENSG00000168306,ACOX2
ENSG00000235449.2,-0.4651769728432174,0.6461790084076371,,0.1896471544595177,,-0.3328890603042903,ENSG00000235449,ENSG00000235449,COX7CP2
ENSG00000178440.5,0.46070371922813613,0.6493377057996621,,0.1875293777444085,,0.15602269070004976,ENSG00000178440,ENSG00000178440,TIMM23B-AGAP6
ENSG00000117118.9,0.45705031192044954,0.6519224861300412,,0.18580403900310707,,0.1744095178499197,ENSG00000117118,ENSG00000117118,SDHB
ENSG00000131495.8,-0.45316413824728674,0.6546768506653495,,0.18397301543365358,,-0.2711052674867206,ENSG00000131495,ENSG00000131495,NDUFA2
ENSG00000233659.1,0.4465632920726581,0.659366756648527,,0.18087295250382202,,0.28689023780549144,ENSG00000233659,ENSG00000233659,NDUFA5P4
ENSG00000248919.7,-0.4448452380365119,0.6605897911096087,,0.18006814226891962,,-0.30487652399364235,ENSG00000248919,ENSG00000248919,ATP5MF-PTCD1
ENSG00000158864.12,0.4443540695652706,0.6609396181115892,,0.17983821482414317,,0.09414903519921487,ENSG00000158864,ENSG00000158864,NDUFS2
ENSG00000184983.9,-0.43624207005151566,0.6667286377537048,,0.17605089038021288,,-0.2653650328246339,ENSG00000184983,ENSG00000184983,NDUFA6
ENSG00000165629.19,0.4332035881827968,0.6689024941988221,,0.1746371846501987,,0.1502572686488349,ENSG00000165629,ENSG00000165629,ATP5F1C
ENSG00000241874.1,0.43314166550190275,0.6689468271332183,,0.1746084018142322,,0.12157151984810574,ENSG00000241874,ENSG00000241874,TOMM22P6
ENSG00000110717.11,0.43269751209361956,0.6692648504627645,,0.17440198337976354,,0.19416047479652268,ENSG00000110717,ENSG00000110717,NDUFS8
ENSG00000213025.2,-0.42588065284125326,0.6741537736565998,,0.17124103012138958,,-0.2862534622470081,ENSG00000213025,ENSG00000213025,COX20P1
ENSG00000227779.1,-0.4231788655395516,0.6760955273977979,,0.1699919370603043,,-0.20305180069430692,ENSG00000227779,ENSG00000227779,NDUFB3P5
ENSG00000226976.3,0.4218668645870769,0.6770392827662652,,0.16938613221045035,,0.2670069570247162,ENSG00000226976,ENSG00000226976,COX6A1P2
ENSG00000123545.5,-0.42026386949243794,0.6781930917702111,,0.16864663835822352,,-0.1909940329824013,ENSG00000123545,ENSG00000123545,NDUFAF4
ENSG00000231706.2,-0.41978787450692556,0.6785358601407443,,0.16842719524123087,,-0.22313113035965737,ENSG00000231706,ENSG00000231706,CYCSP43
ENSG00000198786.2,-0.41156785169783927,0.6844663082010884,,0.1646479244802755,,-0.040633901869840096,ENSG00000198786,ENSG00000198786,MT-ND5
ENSG00000108958.4,0.41015651394245367,0.6854866406254577,,0.1640010047098899,,0.2615939578505463,ENSG00000108958,ENSG00000108958,SDHCP5
ENSG00000178741.11,-0.4045134127373677,0.6895724425918118,,0.1614201025624734,,-0.23152056957033298,ENSG00000178741,ENSG00000178741,COX5A
ENSG00000224451.2,0.3929732120620084,0.6979579531583453,,0.15617073964236602,,0.11186198152686584,ENSG00000224451,ENSG00000224451,ATP5PBP1
ENSG00000130414.11,0.39181472064025674,0.6988019513402173,,0.15564589095999182,,0.06832801063340835,ENSG00000130414,ENSG00000130414,NDUFA10
ENSG00000147383.10,-0.3882736702434082,0.7013841786066234,,0.15404403489212165,,-0.14210808652122328,ENSG00000147383,ENSG00000147383,NSDHL
ENSG00000167863.11,-0.38816764039150986,0.7014615553014765,,0.1539961261722611,,-0.13671232483723877,ENSG00000167863,ENSG00000167863,ATP5PD
ENSG00000256093.1,-0.37875675425419747,0.7083423379284153,,0.14975679945648604,,-0.23258869830995949,ENSG00000256093,ENSG00000256093,TOMM6P1
ENSG00000198899.2,-0.3759849829112195,0.7103738038424182,,0.14851306223009147,,-0.06145324793934188,ENSG00000198899,ENSG00000198899,MT-ATP6
ENSG00000237748.1,-0.36945539327533994,0.7151680806702936,,0.1455918771792885,,-0.2075405683917635,ENSG00000237748,ENSG00000237748,UQCRBP1
ENSG00000235547.3,-0.36885410704389826,0.7156101749898176,,0.14532349299215003,,-0.28117104762603357,ENSG00000235547,ENSG00000235547,NDUFB11P1
ENSG00000233954.6,-0.368624869827964,0.7157787479170213,,0.14522120032905936,,-0.17961061330294759,ENSG00000233954,ENSG00000233954,UQCRHL
ENSG00000183648.9,-0.3634896591606439,0.7195588586596567,,0.14293367574320714,,-0.17988953671707575,ENSG00000183648,ENSG00000183648,NDUFB1
ENSG00000240416.1,-0.3592245783899013,0.7227040271244337,,0.14103952525563937,,-0.22680463017925975,ENSG00000240416,ENSG00000240416,CYCSP20
ENSG00000170906.15,0.35806457676951003,0.723560306676906,,0.14052526583657407,,0.17390553821404447,ENSG00000170906,ENSG00000170906,NDUFA3
ENSG00000205138.3,0.355844274789289,0.7252002978148057,,0.13954202622669418,,0.24276655952700607,ENSG00000205138,ENSG00000205138,SDHAF1
ENSG00000224829.3,-0.3547780729977937,0.7259883095329922,,0.13907037261421762,,-0.20339573102430425,ENSG00000224829,ENSG00000224829,TOMM20P1
ENSG00000214003.2,0.3514153306683345,0.7284756785836309,,0.13758494332191892,,0.21049965162499432,ENSG00000214003,ENSG00000214003,ATP5PBP3
ENSG00000166136.15,-0.3485917001535425,0.7305666337017395,,0.1363401666849036,,-0.19184747419715384,ENSG00000166136,ENSG00000166136,NDUFB8
ENSG00000184076.13,0.34717398828083623,0.7316172847524967,,0.13571604269267434,,0.23094038629327318,ENSG00000184076,ENSG00000184076,UQCR10
ENSG00000140740.10,0.34381964461831305,0.7341052874793794,,0.13424164786037254,,0.0720368568869117,ENSG00000140740,ENSG00000140740,UQCRC2
ENSG00000204152.10,-0.34108068898594684,0.7361390528032964,,0.1330401419652982,,-0.11762214630825424,ENSG00000204152,ENSG00000204152,TIMM23B
ENSG00000006695.10,-0.3401494241012009,0.7368309981161918,,0.1326321118725116,,-0.12663870785183823,ENSG00000006695,ENSG00000006695,COX10
ENSG00000212907.2,-0.3344396504334476,0.7410784105684175,,0.13013583861230213,,-0.16368490842791855,ENSG00000212907,ENSG00000212907,MT-ND4L
ENSG00000236281.1,-0.3328140539438904,0.7422892140016437,,0.1294268500139337,,-0.20542589702078362,ENSG00000236281,ENSG00000236281,NDUFB9P2
ENSG00000258712.2,0.3317510562714283,0.7430813415072548,,0.1289636435285393,,0.24009527570548694,ENSG00000258712,ENSG00000258712,CXADRP2
ENSG00000231096.1,0.3298040962902549,0.7445329342776791,,0.12811608655020978,,0.18598864286601255,ENSG00000231096,ENSG00000231096,NDUFB4P3
ENSG00000111775.2,-0.3290709642738909,0.7450797859351791,,0.12779721888115955,,-0.20095253847157915,ENSG00000111775,ENSG00000111775,COX6A1
ENSG00000248531.3,0.328321673198154,0.7456388324214683,,0.12747148226995067,,0.19235198949381097,ENSG00000248531,ENSG00000248531,NDUFA5P12
ENSG00000176340.3,0.32703526805306526,0.7465989530224183,,0.12691262343316087,,0.18843140876602618,ENSG00000176340,ENSG00000176340,COX8A
ENSG00000124172.9,0.3220718565248502,0.7503073619943249,,0.1247607922439237,,0.12137876591536134,ENSG00000124172,ENSG00000124172,ATP5F1E
ENSG00000184844.6,0.320460186203443,0.751512849805343,,0.12406358919304966,,0.20045662322264565,ENSG00000184844,ENSG00000184844,CYCSP45
ENSG00000227604.3,-0.3166205722111351,0.7543873832873967,,0.12240558354549316,,-0.1060383099097548,ENSG00000227604,ENSG00000227604,TOMM22P3
ENSG00000266053.2,0.315740465018301,0.7550467902450237,,0.12202613431045484,,0.08365429840656348,ENSG00000266053,ENSG00000266053,NDUFV2-AS1
ENSG00000166920.11,0.3136158575566893,0.7566394038619029,,0.12111104549875365,,0.17119805428456078,ENSG00000166920,ENSG00000166920,COXFA4L3
ENSG00000255444.1,-0.31126959689003986,0.7583994508602596,,0.12010199013260274,,-0.17773688642759497,ENSG00000255444,ENSG00000255444,CYCSP27
ENSG00000229357.1,0.3107982538747746,0.7587531901966055,,0.11989946991092747,,0.15892676403843684,ENSG00000229357,ENSG00000229357,CYCSP51
ENSG00000023228.13,0.30971997813752794,0.759562630301758,,0.11943641025014191,,0.0407859423044099,ENSG00000023228,ENSG00000023228,NDUFS1
ENSG00000270264.1,0.3033953452444592,0.764316034576032,,0.11672702926123316,,0.17310801868178777,ENSG00000270264,ENSG00000270264,NDUFB8P2
ENSG00000127540.11,0.3016341771419879,0.7656413723501427,,0.11597460697375954,,0.1121610114666166,ENSG00000127540,ENSG00000127540,UQCR11
ENSG00000184224.3,-0.2945230753279524,0.7710001187265632,,0.11294555507188704,,-0.1788632833951775,ENSG00000184224,ENSG00000184224,NDUFV1-DT
ENSG00000236411.1,-0.2901083264651096,0.7743328543834815,,0.11107231354449208,,-0.1965947931605707,ENSG00000236411,ENSG00000236411,NDUFAF4P3
ENSG00000249360.1,0.2832858279975219,0.7794919350835361,,0.10818837382579578,,0.1840946603458746,ENSG00000249360,ENSG00000249360,TOMM40P3
ENSG00000198886.2,-0.27565877834261887,0.7852716826884529,,0.10498006315366448,,-0.03501577566218135,ENSG00000198886,ENSG00000198886,MT-ND4
ENSG00000233545.1,-0.2703518631823592,0.7893007251971207,,0.10275749817149622,,-0.14342463730773317,ENSG00000233545,ENSG00000233545,CYCSP33
ENSG00000228253.1,0.2587504708757692,0.7981293791513256,,0.09792670251258635,,0.10081172471355192,ENSG00000228253,ENSG00000228253,MT-ATP8
ENSG00000254112.1,-0.257112566306401,0.7993780749051232,,0.09724776760743944,,-0.17665145600172039,ENSG00000254112,ENSG00000254112,ATP5PFP3
ENSG00000224948.1,-0.25247810069787724,0.8029142250217562,,0.09533084773433512,,-0.16443761170596422,ENSG00000224948,ENSG00000224948,ATP5MC1P8
ENSG00000130204.12,-0.2511191806821629,0.8039519166097467,,0.09476992510169774,,-0.09330517886694838,ENSG00000130204,ENSG00000130204,TOMM40
ENSG00000174886.12,-0.24099127330759487,0.8116972214497564,,0.09060594067956668,,-0.1483590026804449,ENSG00000174886,ENSG00000174886,NDUFA11
ENSG00000267809.1,-0.24007890295181328,0.8123959344281722,,0.09023225865451379,,-0.12740334397290287,ENSG00000267809,ENSG00000267809,NDUFV2P1
ENSG00000223721.3,0.23898520598186487,0.8132337211671099,,0.08978462140984092,,0.13168241949707885,ENSG00000223721,ENSG00000223721,UQCRFS1P2
ENSG00000256280.1,-0.23641244404287823,0.8152053888865861,,0.08873295810372461,,-0.07878864180314075,ENSG00000256280,ENSG00000256280,ATP5MGP1
ENSG00000256756.1,-0.23630990656380094,0.8152839957037737,,0.08869108293753997,,-0.1449854820483207,ENSG00000256756,ENSG00000256756,TIMM17BP1
ENSG00000261102.2,-0.23124279372240383,0.8191709764887842,,0.08662544329946903,,-0.1612921598438638,ENSG00000261102,ENSG00000261102,ATP5MFP6
ENSG00000233549.2,0.22401064726063274,0.8247269479607202,,0.08368981462877681,,0.0992374098121587,ENSG00000233549,ENSG00000233549,CYCSP35
ENSG00000241837.6,0.22226752830214103,0.8260674826094673,,0.08298447310600367,,0.10460413921892733,ENSG00000241837,ENSG00000241837,ATP5PO
ENSG00000153093.18,-0.21746954992542725,0.8297601190202001,,0.08104744261584712,,-0.06137043781602745,ENSG00000153093,ENSG00000153093,ACOXL
ENSG00000260690.1,-0.21145223865569254,0.8343968468181854,,0.0786273457752576,,-0.13730197210892198,ENSG00000260690,ENSG00000260690,CYCSP39
ENSG00000131055.4,0.20661519174431997,0.838128570027161,,0.0766893549134454,,0.10550075233223175,ENSG00000131055,ENSG00000131055,COX4I2
ENSG00000147123.10,-0.20284190978746292,0.8410423142280107,,0.07518215357968734,,-0.11646437810619222,ENSG00000147123,ENSG00000147123,NDUFB11
ENSG00000196683.10,0.20248810548946145,0.8413156431982081,,0.07504103585379379,,0.08719354848553712,ENSG00000196683,ENSG00000196683,TOMM7
ENSG00000161281.10,-0.19992377017472368,0.843297309593385,,0.07401928521850437,,-0.14204308936139212,ENSG00000161281,ENSG00000161281,COX7A1
ENSG00000164258.11,0.19664567366737326,0.8458320959544455,,0.0727158391330328,,0.0773518267027998,ENSG00000164258,ENSG00000164258,NDUFS4
ENSG00000150779.11,-0.19143567302168735,0.8498642188234711,,0.07065045513999582,,-0.08580346451247153,ENSG00000150779,ENSG00000150779,TIMM8B
ENSG00000228274.3,0.19129018466884784,0.8499768758183484,,0.07059288939288115,,0.11404674496565517,ENSG00000228274,ENSG00000228274,TOMM22-DT
ENSG00000100575.13,0.18989396224825777,0.8510581880540249,,0.07004074557127876,,0.09302449240583763,ENSG00000100575,ENSG00000100575,TIMM9
ENSG00000025772.7,-0.1870343600477873,0.8532737530771726,,0.06891161317325081,,-0.07371490187934387,ENSG00000025772,ENSG00000025772,TOMM34
ENSG00000234274.1,-0.1806404223014479,0.8582320943071184,,0.06639524869421141,,-0.09913462500589092,ENSG00000234274,ENSG00000234274,COX7BP2
ENSG00000249256.2,0.17262155931581322,0.8644589406075801,,0.06325562967870361,,0.12391659106604588,ENSG00000249256,ENSG00000249256,ATP5MGP3
ENSG00000210154.1,0.1710495557726923,0.8656807069006048,,0.06264226133216631,,0.025995208532944354,ENSG00000210154,ENSG00000210154,MT-TD
ENSG00000267162.1,0.1710035995057857,0.8657164294277713,,0.06262434043336763,,0.09764037493887084,ENSG00000267162,ENSG00000267162,SDHDP1
ENSG00000241468.7,-0.1682291453151829,0.8678735953992018,,0.06154352461411078,,-0.08644670701824879,ENSG00000241468,ENSG00000241468,ATP5MF
ENSG00000225999.1,0.16764733226658537,0.8683260945709653,,0.061317147545911194,,0.06511361992997128,ENSG00000225999,ENSG00000225999,NDUFA12P1
ENSG00000135390.17,-0.1665940815223861,0.869145366517117,,0.06090758074757181,,-0.05870266569869892,ENSG00000135390,ENSG00000135390,ATP5MC2
ENSG00000132286.11,-0.16645778385414894,0.869251396737966,,0.06085460280736837,,-0.08520501623903574,ENSG00000132286,ENSG00000132286,TIMM10B
ENSG00000230482.1,0.16570591531688447,0.8698363438078032,,0.06056245044691746,,0.08050130284371504,ENSG00000230482,ENSG00000230482,ATP5MC2P3
ENSG00000135940.6,-0.162582045798521,0.8722674963279899,,0.05935031052130587,,-0.08245646186383335,ENSG00000135940,ENSG00000135940,COX5B
ENSG00000164182.10,-0.15854174749754238,0.8754137655298775,,0.05778662856290603,,-0.07391369272234463,ENSG00000164182,ENSG00000164182,NDUFAF2
ENSG00000188512.6,-0.15841240786983904,0.8755145201336566,,0.057736646883068884,,-0.08661372087124604,ENSG00000188512,ENSG00000188512,CYCSP3
ENSG00000260318.1,-0.1567720908498881,0.8767925009528706,,0.05710317328570419,,-0.05261605495375375,ENSG00000260318,ENSG00000260318,COX6CP1
ENSG00000219806.1,0.1551473268695554,0.8780587020680133,,0.056476448636034945,,0.09991912524564998,ENSG00000219806,ENSG00000219806,ATP5PBP6
ENSG00000224162.1,-0.15236447824779048,0.8802281857887594,,0.05540472900581541,,-0.07934188058189354,ENSG00000224162,ENSG00000224162,UQCRHP3
ENSG00000217767.2,-0.14744079037929814,0.884068987473948,,0.053513843911993146,,-0.0291969744169948,ENSG00000217767,ENSG00000217767,NDUFAB1P1
ENSG00000073578.16,0.14404552244074223,0.8867192203336822,,0.05221387776015072,,0.023937037521240115,ENSG00000073578,ENSG00000073578,SDHA
ENSG00000087008.15,-0.13735678516001001,0.8919441502138525,,0.04966233846390428,,-0.04433712154090706,ENSG00000087008,ENSG00000087008,ACOX3
ENSG00000231549.1,-0.13611941280754639,0.8929112837888812,,0.04919168878774152,,-0.08159682569858334,ENSG00000231549,ENSG00000231549,ATP5MKP1
ENSG00000242510.1,0.13290720808466167,0.8954227407382244,,0.04797188018742599,,0.07243724335808169,ENSG00000242510,ENSG00000242510,NDUFB4P1
ENSG00000159199.13,-0.13278089937915455,0.8955215180133554,,0.04792397425695302,,-0.05896418595746768,ENSG00000159199,ENSG00000159199,ATP5MC1
ENSG00000256826.1,0.1267441510480483,0.9002444248464688,,0.04563955950503772,,0.07776186558923034,ENSG00000256826,ENSG00000256826,ATP5MFP4
ENSG00000263935.1,0.12084557644988704,0.9048628725986827,,0.043417230945085344,,0.05500147924038325,ENSG00000263935,ENSG00000263935,TOMM20P3
ENSG00000124399.4,-0.11942356179097634,0.9059767972605136,,0.042882924785394794,,-0.0683326257994629,ENSG00000124399,ENSG00000124399,NDUFB4P12
ENSG00000156467.9,-0.11302634591870418,0.9109904157865822,,0.04048619206420929,,-0.015167065501028622,ENSG00000156467,ENSG00000156467,UQCRB
ENSG00000119421.6,0.1122232320331538,0.9116201028091683,,0.04018610643721925,,0.04754009292880996,ENSG00000119421,ENSG00000119421,NDUFA8
ENSG00000223794.1,-0.1115913342504922,0.9121155882846294,,0.03995012200789498,,-0.039099819688940225,ENSG00000223794,ENSG00000223794,COX5BP8
ENSG00000172115.8,-0.11126556442211401,0.9123710460916707,,0.03982850542316169,,-0.046325354479730865,ENSG00000172115,ENSG00000172115,CYCS
ENSG00000196860.7,0.10938784998681111,0.9138436743564636,,0.03912809001115414,,0.05434938902003687,ENSG00000196860,ENSG00000196860,TOMM20L
ENSG00000110955.8,0.1049238912218361,0.9173458637701619,,0.03746689289339406,,0.0336247037677865,ENSG00000110955,ENSG00000110955,ATP5F1B
ENSG00000101247.17,-0.09791252629486018,0.9228500423898082,,0.03486886349587832,,-0.025305803290821757,ENSG00000101247,ENSG00000101247,NDUFAF5
ENSG00000224550.1,0.0970540072063301,0.9235242879153439,,0.034551678492384746,,0.07547788931107598,ENSG00000224550,ENSG00000224550,NDUFA4P1
ENSG00000173726.10,-0.09393505798097881,0.9259742715269256,,0.03340108015296346,,-0.03678024339588058,ENSG00000173726,ENSG00000173726,TOMM20
ENSG00000198840.2,-0.09008520480231992,0.9289994216362366,,0.03198455638339716,,-0.01675417627228938,ENSG00000198840,ENSG00000198840,MT-ND3
ENSG00000242728.1,0.08229172822102129,0.9351267072057117,,0.029129539382029005,,0.030852515673169864,ENSG00000242728,ENSG00000242728,UQCRHP4
ENSG00000178449.8,0.08157235676113184,0.9356924946595991,,0.028866854055301806,,0.0506403600305912,ENSG00000178449,ENSG00000178449,COX14
ENSG00000213483.4,-0.07518307932855121,0.9407191623154126,,0.026540009368194104,,-0.04740285739500099,ENSG00000213483,ENSG00000213483,NDUFAF4P2
ENSG00000210049.1,-0.0741161661403569,0.9415587914294996,,0.026152557223250827,,-0.02484402070395265,ENSG00000210049,ENSG00000210049,MT-TF
ENSG00000160194.17,0.07140580567776748,0.9436920741283398,,0.025169692484342494,,0.02589013274705422,ENSG00000160194,ENSG00000160194,NDUFV3
ENSG00000229120.2,0.06464463973993854,0.9490155252732385,,0.02272668274094184,,0.019623435012373607,ENSG00000229120,ENSG00000229120,CYCSP4
ENSG00000173660.11,-0.057668552465836666,0.9545107384202898,,0.02021918135052109,,-0.017563343385608072,ENSG00000173660,ENSG00000173660,UQCRH
ENSG00000214549.2,0.05547535901054653,0.9562388535956015,,0.019433614165266396,,0.03994923225571987,ENSG00000214549,ENSG00000214549,SDHCP2
ENSG00000255035.2,-0.05497748289023136,0.9566311833134533,,0.01925546653301616,,-0.042180185642400954,ENSG00000255035,ENSG00000255035,SDHCP4
ENSG00000258981.1,-0.051359359846924114,0.9594826187314544,,0.01796288821083351,,-0.036579067231261995,ENSG00000258981,ENSG00000258981,COX5AP2
ENSG00000272662.1,0.05128973004840266,0.9595374993812138,,0.01793804807170695,,0.019007872117593624,ENSG00000272662,ENSG00000272662,TIMMDC1-DT
ENSG00000166260.10,-0.04660994443341235,0.9632264564561105,,0.01627159737455579,,-0.01832662896029408,ENSG00000166260,ENSG00000166260,COX11
ENSG00000204370.8,-0.04507002271927586,0.964440525657486,,0.01572454891710548,,-0.022092175774614524,ENSG00000204370,ENSG00000204370,SDHD
ENSG00000236987.2,0.04060548427692046,0.9679608392681486,,0.01414221256121084,,0.027311176850311338,ENSG00000236987,ENSG00000236987,NDUFA5P8
ENSG00000210082.2,0.030229368308550487,0.9761449126880614,,0.010485704762519902,,0.0015164318750871843,ENSG00000210082,ENSG00000210082,MT-RNR2
ENSG00000134809.8,0.026298079213850613,0.9792464330661791,,0.009108001707589044,,0.014524365851044446,ENSG00000134809,ENSG00000134809,TIMM10
ENSG00000258956.2,-0.021221275658554417,0.9832521745043512,,0.007335084456281946,,-0.013862736725131669,ENSG00000258956,ENSG00000258956,COX4I1P1
ENSG00000234226.5,-0.019476887167028077,0.9846286556990963,,0.006727529084391604,,-0.0071647147317933785,ENSG00000234226,ENSG00000234226,NDUFS5P2
ENSG00000229744.1,0.013211510992604095,0.9895729787017706,,0.004552172070259753,,0.006970645259650065,ENSG00000229744,ENSG00000229744,SDHDP5
ENSG00000263232.2,0.009671460540427862,0.992366812108924,,0.0033277683407506647,,0.005706511076023587,ENSG00000263232,ENSG00000263232,ATP5F1AP3
ENSG00000248396.1,-0.009320518660332289,0.9926437840132142,,0.0032065726446762017,,-0.0026656380044901666,ENSG00000248396,ENSG00000248396,TOMM22P4
ENSG00000259513.1,0.007571061594517614,0.9940245116611273,,0.0026029061983428776,,0.004897065543331515,ENSG00000259513,ENSG00000259513,CYCSP38
ENSG00000240230.5,-0.00544811965590187,0.9957000307617485,,0.0018714794543815724,,-0.00251318974337473,ENSG00000240230,ENSG00000240230,COX19
ENSG00000172912.4,,,,,,0.0,ENSG00000172912,ENSG00000172912,COX6B1P3
ENSG00000184084.7,,,,,,0.0,ENSG00000184084,ENSG00000184084,ATP5PFP4
ENSG00000187581.2,,,,,,0.0,ENSG00000187581,ENSG00000187581,COX8C
ENSG00000209082.1,,,,,,0.0,ENSG00000209082,ENSG00000209082,MT-TL1
ENSG00000210156.1,,,,,,0.0,ENSG00000210156,ENSG00000210156,MT-TK
ENSG00000210164.1,,,,,,0.0,ENSG00000210164,ENSG00000210164,MT-TG
ENSG00000210174.1,,,,,,0.0,ENSG00000210174,ENSG00000210174,MT-TR
ENSG00000210176.1,,,,,,0.0,ENSG00000210176,ENSG00000210176,MT-TH
ENSG00000210184.1,,,,,,0.0,ENSG00000210184,ENSG00000210184,MT-TS2
ENSG00000210191.1,,,,,,0.0,ENSG00000210191,ENSG00000210191,MT-TL2
ENSG00000213111.5,,,,,,0.0,ENSG00000213111,ENSG00000213111,COX5BP2
ENSG00000213222.3,,,,,,0.0,ENSG00000213222,ENSG00000213222,TOMM40P4
ENSG00000214025.2,,,,,,0.0,ENSG00000214025,ENSG00000214025,ATP5PBP4
ENSG00000214628.3,,,,,,0.0,ENSG00000214628,ENSG00000214628,NDUFB5P2
ENSG00000214736.7,,,,,,0.0,ENSG00000214736,ENSG00000214736,TOMM6
ENSG00000215837.7,,,,,,0.0,ENSG00000215837,ENSG00000215837,SDHAP2
ENSG00000223663.2,,,,,,0.0,ENSG00000223663,ENSG00000223663,NDUFB4P8
ENSG00000224240.1,,,,,,0.0,ENSG00000224240,ENSG00000224240,CYCSP49
ENSG00000225242.2,,,,,,0.0,ENSG00000225242,ENSG00000225242,COX6B1P7
ENSG00000225583.1,,,,,,0.0,ENSG00000225583,ENSG00000225583,COX6A1P6
ENSG00000226024.1,,,,,,0.0,ENSG00000226024,ENSG00000226024,COX5BP7
ENSG00000227949.1,,,,,,0.0,ENSG00000227949,ENSG00000227949,CYCSP46
ENSG00000227979.1,,,,,,0.0,ENSG00000227979,ENSG00000227979,COX6A1P7
ENSG00000228092.1,,,,,,0.0,ENSG00000228092,ENSG00000228092,COX6CP15
ENSG00000230157.1,,,,,,0.0,ENSG00000230157,ENSG00000230157,ATP5MC1P1
ENSG00000230622.1,,,,,,0.0,ENSG00000230622,ENSG00000230622,UQCRHP1
ENSG00000231906.1,,,,,,0.0,ENSG00000231906,ENSG00000231906,COX7BP6
ENSG00000232195.1,,,,,,0.0,ENSG00000232195,ENSG00000232195,TOMM22P2
ENSG00000233843.1,,,,,,0.0,ENSG00000233843,ENSG00000233843,CYCSP48
ENSG00000234039.2,,,,,,0.0,ENSG00000234039,ENSG00000234039,NDUFA5P7
ENSG00000234463.1,,,,,,0.0,ENSG00000234463,ENSG00000234463,COX6CP12
ENSG00000234720.3,,,,,,0.0,ENSG00000234720,ENSG00000234720,ATP5F1AP8
ENSG00000236041.1,,,,,,0.0,ENSG00000236041,ENSG00000236041,COX6CP18
ENSG00000237037.9,,,,,,0.0,ENSG00000237037,ENSG00000237037,NDUFA6-DT
ENSG00000237406.1,,,,,,0.0,ENSG00000237406,ENSG00000237406,NDUFA9P1
ENSG00000237427.1,,,,,,0.0,ENSG00000237427,ENSG00000237427,TOMM22P1
ENSG00000237701.1,,,,,,0.0,ENSG00000237701,ENSG00000237701,ATP5PFP1
ENSG00000238008.1,,,,,,0.0,ENSG00000238008,ENSG00000238008,COX6CP10
ENSG00000242222.1,,,,,,0.0,ENSG00000242222,ENSG00000242222,SDHBP1
ENSG00000253231.1,,,,,,0.0,ENSG00000253231,ENSG00000253231,COX6CP8
ENSG00000253495.1,,,,,,0.0,ENSG00000253495,ENSG00000253495,CYCSP23
ENSG00000254478.1,,,,,,0.0,ENSG00000254478,ENSG00000254478,COX7CP3
ENSG00000254642.1,,,,,,0.0,ENSG00000254642,ENSG00000254642,COX6CP5
ENSG00000254856.1,,,,,,0.0,ENSG00000254856,ENSG00000254856,NDUFA3P2
ENSG00000257648.1,,,,,,0.0,ENSG00000257648,ENSG00000257648,CYCSP30
ENSG00000258644.5,,,,,,0.0,ENSG00000258644,ENSG00000258644,SYNJ2BP-COX16
ENSG00000258658.1,,,,,,0.0,ENSG00000258658,ENSG00000258658,TOMM20L-DT
ENSG00000258668.1,,,,,,0.0,ENSG00000258668,ENSG00000258668,COX6CP11
ENSG00000259112.2,,,,,,0.0,ENSG00000259112,ENSG00000259112,NDUFC2-KCTD14
ENSG00000266251.1,,,,,,0.0,ENSG00000266251,ENSG00000266251,COX6CP3
ENSG00000270477.1,,,,,,0.0,ENSG00000270477,ENSG00000270477,TOMM5P1
ENSG00000270500.1,,,,,,0.0,ENSG00000270500,ENSG00000270500,COX6CP4
ENSG00000270880.1,,,,,,0.0,ENSG00000270880,ENSG00000270880,ATP5PBP8
ENSG00000271045.1,,,,,,0.0,ENSG00000271045,ENSG00000271045,NDUFB9P1
ENSG00000271440.1,,,,,,0.0,ENSG00000271440,ENSG00000271440,COX8CP1
